{
  "parameters": {
    "custom_kyber": {
      "n": 256,
      "q": 3329,
      "k": 2,
      "eta1": 3,
      "eta2": 2,
      "input_bytes": 32,
      "note": "Educational scratch implementation with naive polynomial multiplication."
    },
    "reference_kyber512": {
      "algorithm": "ML-KEM-512",
      "n": 256,
      "q": 3329,
      "k": 2,
      "shared_secret_bytes": 32,
      "note": "pqcrypto reference KEM; internal randomness/noise is not caller-controlled."
    }
  },
  "custom_kyber": {
    "KeyGen": 6.278200075030327,
    "Encrypt": 8.387100067920983,
    "Decrypt": 11.447999975644052
  },
  "reference_kyber512": {
    "KeyGen": 2.01039994135499,
    "Encrypt": 0.1775999553501606,
    "Decrypt": 0.050600036047399044
  },
  "performance_ratio": {
    "KeyGen": 3.1228612505822504,
    "Encrypt": 47.2246744172022,
    "Decrypt": 226.24489763051275
  },
  "overall_ratio": 11.665014251334686
}