{
  "parameters": {
    "custom_kyber": {
      "n": 256,
      "q": 3329,
      "k": 2,
      "eta1": 3,
      "eta2": 2,
      "input_bytes": 32,
      "note": "Educational scratch implementation with naive polynomial multiplication."
    },
    "reference_kyber512": {
      "algorithm": "ML-KEM-512",
      "n": 256,
      "q": 3329,
      "k": 2,
      "shared_secret_bytes": 32,
      "note": "pqcrypto reference KEM; internal randomness/noise is not caller-controlled."
    }
  },
  "custom_kyber": {
    "KeyGen": 9.970720001729205,
    "Encrypt": 13.471208000555634,
    "Decrypt": 20.064205001690425
  },
  "reference_kyber512": {
    "KeyGen": 0.8410340006230399,
    "Encrypt": 0.8403440000256523,
    "Decrypt": 0.20855499897152185
  },
  "performance_ratio": {
    "KeyGen": 11.855311431336752,
    "Encrypt": 16.030587473873094,
    "Decrypt": 96.20582148898856
  },
  "overall_ratio": 23.01993404671907
}